id,name,type,city,state
1,Basil,intranet,Austin,Texas
2,Diannne,intranet,Apache Junction,Arizona
3,Davide,approach,Los Angeles,California
4,Warren,fault-tolerant,Charleston,West Virginia
5,Simona,Digitized,Houston,Texas
6,Olympia,Face to face,Philadelphia,Pennsylvania
7,Madeleine,hybrid,Brooklyn,New York
8,Brendon,system engine,Rochester,New York
9,Hartwell,Networked,Boca Raton,Florida
10,Becky,Proactive,Carol Stream,Illinois
11,Salomo,modular,College Station,Texas
12,Dinah,encompassing,Denver,Colorado
13,Luis,database,Corpus Christi,Texas
14,Carmela,ability,Reno,Nevada
15,Kaiser,Mandatory,Tulsa,Oklahoma
16,Sheridan,Customizable,Texarkana,Texas
17,Theodore,Balanced,Denver,Colorado
18,Malanie,Cloned,Mobile,Alabama
19,Aubrie,24/7,Topeka,Kansas
20,Hyatt,Exclusive,Spokane,Washington
21,Brunhilde,Reverse-engineered,Hollywood,Florida
22,Tonnie,artificial intelligence,Silver Spring,Maryland
23,Jacquenette,success,Sioux Falls,South Dakota
24,Cornela,non-volatile,Richmond,Virginia
25,Trstram,incremental,Fort Worth,Texas
26,Paxon,Triple-buffered,Houston,Texas
27,Suzann,well-modulated,Cincinnati,Ohio
28,Ode,grid-enabled,Canton,Ohio
29,Stephine,methodical,Baltimore,Maryland
30,Renaldo,demand-driven,Anchorage,Alaska
31,Elisa,Business-focused,Tacoma,Washington
32,Sibley,mission-critical,Round Rock,Texas
33,Gerry,orchestration,Peoria,Illinois
34,Vida,help-desk,Oklahoma City,Oklahoma
35,Rawley,matrices,Boston,Massachusetts
36,Rance,Cross-platform,Tucson,Arizona
37,Jannelle,Realigned,Chattanooga,Tennessee
38,Field,fault-tolerant,Fort Collins,Colorado
39,Dianna,project,Pasadena,California
40,Dorolisa,eco-centric,Charlottesville,Virginia
41,Morgana,Stand-alone,Hartford,Connecticut
42,Dyan,Proactive,Tucson,Arizona
43,Krissy,Future-proofed,Monticello,Minnesota
44,Pincas,portal,New Orleans,Louisiana
45,Aubrette,Quality-focused,Pittsburgh,Pennsylvania
46,Annabelle,Object-based,Petaluma,California
47,Madelene,global,Huntington,West Virginia
48,Petunia,function,Toledo,Ohio
49,Katey,well-modulated,Clearwater,Florida
50,Ulises,Robust,Washington,District of Columbia
51,Rozalin,intangible,Orlando,Florida
52,Wilfrid,Advanced,New Orleans,Louisiana
53,Merilyn,frame,Johnstown,Pennsylvania
54,Timofei,Open-architected,Fort Wayne,Indiana
55,Matthaeus,Robust,Kansas City,Missouri
56,Thorndike,customer loyalty,Chicago,Illinois
57,Judith,moderator,Tuscaloosa,Alabama
58,Say,clear-thinking,Akron,Ohio
59,Cynthy,Assimilated,Philadelphia,Pennsylvania
60,Doll,Polarised,Memphis,Tennessee
61,Davida,architecture,Birmingham,Alabama
62,Albertine,orchestration,Washington,District of Columbia
63,Boris,Centralized,Orlando,Florida
64,Perla,Customizable,Clearwater,Florida
65,Martguerita,Programmable,Columbus,Georgia
66,Whit,Quality-focused,Corona,California
67,Dicky,Function-based,New York City,New York
68,Bridie,discrete,Gilbert,Arizona
69,Francisca,support,Olympia,Washington
70,Dorisa,capacity,Saint Louis,Missouri
71,Court,Team-oriented,Juneau,Alaska
72,Roddie,client-driven,Baltimore,Maryland
73,Kerri,Robust,Louisville,Kentucky
74,Valdemar,modular,Ridgely,Maryland
75,Ettie,service-desk,Largo,Florida
76,Margalit,Balanced,Lawrenceville,Georgia
77,Brook,flexibility,Houston,Texas
78,Lizzy,archive,Lexington,Kentucky
79,Barbe,extranet,Wilmington,Delaware
80,Anny,policy,Trenton,New Jersey
81,Tyrone,grid-enabled,Jacksonville,Florida
82,Wilone,Progressive,San Francisco,California
83,Janela,zero defect,Springfield,Massachusetts
84,Cornall,Total,Newport News,Virginia
85,Clair,algorithm,Boca Raton,Florida
86,Thurston,local area network,Sioux City,Iowa
87,Cariotta,Organic,Tacoma,Washington
88,Bennie,optimal,Kansas City,Missouri
89,Joya,fault-tolerant,Greenville,South Carolina
90,Justinn,Monitored,Chattanooga,Tennessee
91,Elle,moratorium,Brooklyn,New York
92,Clemmy,executive,Youngstown,Ohio
93,Dyanna,Automated,Houston,Texas
94,Lucinda,global,Waterbury,Connecticut
95,Shae,complexity,Los Angeles,California
96,Gwenora,Assimilated,Miami,Florida
97,Tabina,dedicated,Gainesville,Florida
98,Leland,Universal,Durham,North Carolina
99,Pansie,Front-line,Pittsburgh,Pennsylvania
100,Ferdinanda,leverage,El Paso,Texas
101,Justen,logistical,Henderson,Nevada
102,Corbet,Ameliorated,Bridgeport,Connecticut
103,Betsy,Function-based,Birmingham,Alabama
104,Burtie,Persistent,Fresno,California
105,Dimitri,methodology,Dallas,Texas
106,Norene,synergy,Baton Rouge,Louisiana
107,Delilah,solution,Portland,Maine
108,Townsend,national,New Orleans,Louisiana
109,Frayda,challenge,Atlanta,Georgia
110,Ricky,Graphical User Interface,Roanoke,Virginia
111,Aurore,discrete,Topeka,Kansas
112,Homerus,Managed,Boise,Idaho
113,Timofei,website,Jacksonville,Florida
114,Izaak,definition,San Bernardino,California
115,Lizbeth,Distributed,Alexandria,Virginia
116,Devi,product,Raleigh,North Carolina
117,Geordie,Enterprise-wide,Detroit,Michigan
118,Lusa,emulation,Colorado Springs,Colorado
119,Riccardo,zero tolerance,Saint Cloud,Minnesota
120,Lotte,Profit-focused,Fresno,California
121,Vivi,local area network,Saint Cloud,Minnesota
122,Rowen,protocol,Inglewood,California
123,Verena,approach,Amarillo,Texas
124,Maje,customer loyalty,Houston,Texas
125,Laurence,Graphic Interface,Wilmington,Delaware
126,Wilona,multimedia,Worcester,Massachusetts
127,Claudia,open system,El Paso,Texas
128,Laurel,Profit-focused,Pueblo,Colorado
129,Arleyne,application,Roanoke,Virginia
130,Jedd,Centralized,Joliet,Illinois
131,August,mobile,Pittsburgh,Pennsylvania
132,Matty,Up-sized,New York City,New York
133,Brody,implementation,Las Vegas,Nevada
134,Ronda,Re-engineered,Saint Cloud,Minnesota
135,Kaela,neural-net,Cincinnati,Ohio
136,Renata,Profit-focused,Waterloo,Iowa
137,Garrick,local,Washington,District of Columbia
138,Jan,software,San Antonio,Texas
139,Shanon,local,Waco,Texas
140,Cherilynn,Ergonomic,Phoenix,Arizona
141,Lin,static,Fresno,California
142,Blaine,system-worthy,Amarillo,Texas
143,Devondra,tertiary,Miami,Florida
144,Annabela,Integrated,Houston,Texas
145,Hobie,Pre-emptive,Cleveland,Ohio
146,Reade,flexibility,New York City,New York
147,Lynnelle,analyzing,El Paso,Texas
148,Alfred,next generation,Virginia Beach,Virginia
149,Tod,transitional,Pasadena,Texas
150,Hurleigh,methodical,Tampa,Florida
151,Johny,content-based,South Bend,Indiana
152,Stephi,optimal,Washington,District of Columbia
153,Pincus,help-desk,San Diego,California
154,Shea,conglomeration,Boston,Massachusetts
155,Allayne,intranet,Reno,Nevada
156,Emmey,application,Woburn,Massachusetts
157,Sergio,knowledge base,Honolulu,Hawaii
158,Joshia,process improvement,Amarillo,Texas
159,Emyle,local area network,Boca Raton,Florida
160,Donelle,tertiary,Baltimore,Maryland
161,Inna,attitude,Young America,Minnesota
162,Nani,actuating,Dallas,Texas
163,Adolph,Grass-roots,Fort Worth,Texas
164,Farr,stable,Roanoke,Virginia
165,Siobhan,initiative,Paterson,New Jersey
166,Connie,Front-line,Shawnee Mission,Kansas
167,Shelba,definition,Manchester,New Hampshire
168,Humberto,Seamless,Aurora,Colorado
169,Conan,Innovative,Berkeley,California
170,Mariska,Profound,Peoria,Illinois
171,Burt,system-worthy,Shreveport,Louisiana
172,Neile,conglomeration,Iowa City,Iowa
173,Kanya,matrices,Tallahassee,Florida
174,Gates,policy,Corpus Christi,Texas
175,Kirsti,Sharable,Raleigh,North Carolina
176,Alfred,Universal,Wichita,Kansas
177,Charleen,capacity,Zephyrhills,Florida
178,Sybilla,Devolved,Rochester,New York
179,Liuka,adapter,Roanoke,Virginia
180,Dulcie,Re-engineered,Saint Paul,Minnesota
181,Briana,projection,Tucson,Arizona
182,Angelina,asynchronous,Mobile,Alabama
183,Ambrosius,web-enabled,Evansville,Indiana
184,Nickie,Sharable,Houston,Texas
185,Wallas,access,Dallas,Texas
186,Elita,utilisation,Young America,Minnesota
187,Eloise,intranet,Chicago,Illinois
188,Christoph,task-force,Palatine,Illinois
189,Magda,policy,Newport Beach,California
190,Bradley,superstructure,Fort Worth,Texas
191,Felisha,strategy,Birmingham,Alabama
192,Karel,Front-line,Fort Smith,Arkansas
193,Erika,value-added,Staten Island,New York
194,Eveleen,Focused,Fort Lauderdale,Florida
195,Addie,strategy,Conroe,Texas
196,Jacynth,groupware,Des Moines,Iowa
197,Alejandra,Versatile,Killeen,Texas
198,Regina,Persistent,Cleveland,Ohio
199,Margaux,middleware,Woburn,Massachusetts
200,Brandy,flexibility,Brooklyn,New York
201,Christoforo,hardware,Charleston,West Virginia
202,Enos,Intuitive,Lehigh Acres,Florida
203,Gratiana,secured line,Helena,Montana
204,Kim,mission-critical,Clearwater,Florida
205,Peggy,even-keeled,Alexandria,Louisiana
206,Amelita,holistic,Portland,Oregon
207,Odette,Programmable,New Orleans,Louisiana
208,Leupold,interactive,Lees Summit,Missouri
209,Ciel,Cross-group,Baton Rouge,Louisiana
210,Felix,User-friendly,Honolulu,Hawaii
211,Jan,core,Lincoln,Nebraska
212,Dru,middleware,Crawfordsville,Indiana
213,Levin,Re-contextualized,Sacramento,California
214,Neysa,Multi-layered,Boston,Massachusetts
215,Rafaelita,Advanced,Saint Paul,Minnesota
216,Myrlene,motivating,Indianapolis,Indiana
217,Aubree,empowering,Evansville,Indiana
218,Ashley,Seamless,Van Nuys,California
219,Corrie,scalable,Las Vegas,Nevada
220,Colline,superstructure,Pittsburgh,Pennsylvania
221,Fenelia,Horizontal,New Orleans,Louisiana
222,Cristen,Digitized,Norfolk,Virginia
223,Ricoriki,Multi-tiered,Orange,California
224,Dolores,core,Mesquite,Texas
225,Bella,solution,Colorado Springs,Colorado
226,Jenilee,neural-net,Ridgely,Maryland
227,Evin,hierarchy,Riverside,California
228,Kylen,Diverse,Hartford,Connecticut
229,Devon,Reverse-engineered,San Jose,California
230,Mathilda,stable,Des Moines,Iowa
231,Brion,solution,Charleston,West Virginia
232,Neddy,Diverse,Hollywood,Florida
233,Prudi,extranet,Nashville,Tennessee
234,Rockey,context-sensitive,Miami,Florida
235,Redford,framework,Washington,District of Columbia
236,Claudio,Integrated,Sioux City,Iowa
237,Rosalind,strategy,Winston Salem,North Carolina
238,Josepha,Reactive,Orlando,Florida
239,Anatola,Grass-roots,Milwaukee,Wisconsin
240,Matthaeus,Business-focused,Arlington,Virginia
241,Butch,homogeneous,Washington,District of Columbia
242,Sindee,open system,Jacksonville,Florida
243,Anson,Enterprise-wide,Albany,New York
244,Ellwood,orchestration,Brooklyn,New York
245,Vidovic,mobile,Oakland,California
246,Moritz,local,Washington,District of Columbia
247,Yorke,User-centric,Atlanta,Georgia
248,Mateo,leverage,Fort Collins,Colorado
249,Mildred,paradigm,Philadelphia,Pennsylvania
250,Allyn,multi-state,Colorado Springs,Colorado
251,Greer,directional,Huntington,West Virginia
252,Ailene,eco-centric,Prescott,Arizona
253,Dareen,4th generation,Sparks,Nevada
254,Rosella,optimizing,Houston,Texas
255,Tammi,modular,Kansas City,Kansas
256,Kacey,attitude,Springfield,Illinois
257,Nadean,capability,Modesto,California
258,Anica,web-enabled,Memphis,Tennessee
259,Fayette,Focused,San Francisco,California
260,Talya,incremental,Raleigh,North Carolina
261,Odey,Virtual,Memphis,Tennessee
262,Gloria,logistical,El Paso,Texas
263,Lewes,core,Seattle,Washington
264,Frederick,logistical,Charleston,South Carolina
265,Wileen,customer loyalty,Waterbury,Connecticut
266,Temple,application,New Orleans,Louisiana
267,Isadora,structure,Naples,Florida
268,Beck,task-force,Pasadena,California
269,Noland,core,El Paso,Texas
270,Caitrin,Open-architected,Huntington,West Virginia
271,Donnamarie,local,Pittsburgh,Pennsylvania
272,Benton,maximized,Milwaukee,Wisconsin
273,Allyson,toolset,Boulder,Colorado
274,Dionne,Function-based,North Hollywood,California
275,Angela,demand-driven,Fort Worth,Texas
276,Raynor,attitude,Fort Myers,Florida
277,Holli,modular,Denver,Colorado
278,Dyan,value-added,High Point,North Carolina
279,Trudy,Seamless,El Paso,Texas
280,Domenic,Graphic Interface,Stockton,California
281,Krisha,support,Lehigh Acres,Florida
282,Alano,Synergistic,Dallas,Texas
283,Rik,homogeneous,Orlando,Florida
284,Gare,Seamless,Oakland,California
285,Rochester,Ergonomic,Dallas,Texas
286,Arin,dynamic,Decatur,Georgia
287,Hall,Organic,Albany,New York
288,Dionne,synergy,Mobile,Alabama
289,Lula,Vision-oriented,Naperville,Illinois
290,Georgette,bandwidth-monitored,Amarillo,Texas
291,Kendrick,array,Pasadena,Texas
292,Archie,bifurcated,Kansas City,Missouri
293,Bastian,Digitized,Redwood City,California
294,Libbi,Phased,Memphis,Tennessee
295,Rabbi,Upgradable,Brooklyn,New York
296,Ricard,Cloned,Huntington,West Virginia
297,Klarrisa,impactful,New York City,New York
298,Bailey,middleware,Richmond,Virginia
299,Berni,Realigned,Columbus,Ohio
300,Kamila,process improvement,San Jose,California
301,Walton,transitional,New Bedford,Massachusetts
302,Gray,Graphic Interface,San Antonio,Texas
303,Candie,secured line,Waterbury,Connecticut
304,Noel,bottom-line,Saint Paul,Minnesota
305,Verina,heuristic,Sioux Falls,South Dakota
306,Kristan,impactful,Young America,Minnesota
307,Linette,hierarchy,Baton Rouge,Louisiana
308,Alisun,De-engineered,Galveston,Texas
309,Em,Pre-emptive,Arlington,Texas
310,Chrisy,Balanced,Indianapolis,Indiana
311,Beret,Cloned,Huntington,West Virginia
312,Dodi,throughput,Boston,Massachusetts
313,Rriocard,frame,Portland,Oregon
314,Jamesy,Ergonomic,Saint Petersburg,Florida
315,Diego,process improvement,Fort Lauderdale,Florida
316,Malanie,Optional,Miami,Florida
317,Cheston,model,Whittier,California
318,Reade,reciprocal,Abilene,Texas
319,Sher,Synchronised,Amarillo,Texas
320,Kelci,Enhanced,San Diego,California
321,Elvin,Integrated,Modesto,California
322,Currey,content-based,Beaverton,Oregon
323,Adrianna,eco-centric,Dayton,Ohio
324,Rodolfo,superstructure,Saint Louis,Missouri
325,Osborn,groupware,Tucson,Arizona
326,Lise,Phased,Minneapolis,Minnesota
327,Jourdain,product,Monticello,Minnesota
328,Carlen,scalable,Albuquerque,New Mexico
329,Cassi,open architecture,Montpelier,Vermont
330,Pammie,Cross-platform,Las Vegas,Nevada
331,Marcello,Fundamental,Mountain View,California
332,Dallon,Re-contextualized,San Diego,California
333,Hewet,6th generation,Fort Worth,Texas
334,Glenn,neutral,Jacksonville,Florida
335,Cullan,adapter,Lincoln,Nebraska
336,Shep,Object-based,Albany,New York
337,Melony,bi-directional,San Diego,California
338,Ennis,hub,Trenton,New Jersey
339,August,Progressive,Stamford,Connecticut
340,Virginie,capacity,Fort Worth,Texas
341,Erasmus,Mandatory,Brooklyn,New York
342,Valeria,Robust,Montgomery,Alabama
343,Janna,support,Midland,Michigan
344,Ami,next generation,Denver,Colorado
345,Karly,actuating,San Jose,California
346,Kamilah,empowering,Frederick,Maryland
347,Gerrie,multi-tasking,Miami,Florida
348,Raddy,Optional,Knoxville,Tennessee
349,Cris,optimal,Hyattsville,Maryland
350,Agneta,projection,Sacramento,California
351,Melantha,success,Springfield,Illinois
352,Fayre,moratorium,Denver,Colorado
353,Carey,array,Midland,Texas
354,Thom,Pre-emptive,Greensboro,North Carolina
355,Reina,dynamic,Macon,Georgia
356,Joete,optimizing,Salt Lake City,Utah
357,Skipton,intranet,El Paso,Texas
358,Lynnell,moratorium,Port Saint Lucie,Florida
359,Robers,Adaptive,Peoria,Illinois
360,Kippie,multi-tasking,Rochester,New York
361,Laural,User-friendly,Florence,South Carolina
362,Tonia,non-volatile,Philadelphia,Pennsylvania
363,Blondy,Organized,Cleveland,Ohio
364,Thia,6th generation,Burbank,California
365,Danica,Enhanced,Duluth,Minnesota
366,Lorinda,static,Houston,Texas
367,Blakeley,24 hour,Glendale,California
368,Morna,open system,Chicago,Illinois
369,Viki,clear-thinking,Flint,Michigan
370,Reginauld,Managed,Cleveland,Ohio
371,Mark,interactive,Wilmington,Delaware
372,Batholomew,Organized,Saint Louis,Missouri
373,Berny,hub,Amarillo,Texas
374,Florenza,Centralized,Kansas City,Missouri
375,Menard,Re-contextualized,Houston,Texas
376,Mark,secured line,Washington,District of Columbia
377,Naomi,flexibility,Terre Haute,Indiana
378,Nigel,clear-thinking,Waterbury,Connecticut
379,Gail,policy,Bowie,Maryland
380,Georgie,Re-engineered,Buffalo,New York
381,Trish,open system,New Brunswick,New Jersey
382,Loy,focus group,Corona,California
383,Alys,Mandatory,Washington,District of Columbia
384,Sid,5th generation,Cincinnati,Ohio
385,Tabbie,leading edge,Stockton,California
386,Paco,framework,Racine,Wisconsin
387,Brandyn,Synergized,Fort Collins,Colorado
388,Chev,access,Tucson,Arizona
389,Neddy,impactful,New York City,New York
390,Jodi,bottom-line,Charlotte,North Carolina
391,Wallie,access,Norfolk,Virginia
392,Berti,database,Fresno,California
393,Ailene,Right-sized,Billings,Montana
394,Kathi,adapter,Birmingham,Alabama
395,Ileana,zero tolerance,Orlando,Florida
396,Eugenie,Reactive,Lubbock,Texas
397,Lawrence,collaboration,Palatine,Illinois
398,Dynah,Customizable,Newark,New Jersey
399,Katinka,groupware,Salt Lake City,Utah
400,Kay,budgetary management,Springfield,Illinois
401,Valentine,archive,Fort Worth,Texas
402,Marina,help-desk,Scottsdale,Arizona
403,Nisse,Innovative,Austin,Texas
404,Louise,human-resource,Washington,District of Columbia
405,Ferdinande,Open-source,Berkeley,California
406,De witt,Configurable,Monticello,Minnesota
407,Adda,migration,San Francisco,California
408,Gail,encryption,Colorado Springs,Colorado
409,Lindy,frame,Tacoma,Washington
410,Fritz,radical,El Paso,Texas
411,Berta,Organic,Tallahassee,Florida
412,Darrick,Multi-layered,Pompano Beach,Florida
413,Bili,composite,San Francisco,California
414,Ev,holistic,Shawnee Mission,Kansas
415,Issiah,workforce,Norwalk,Connecticut
416,Eryn,Automated,San Diego,California
417,Maggi,Seamless,Lubbock,Texas
418,Regen,bifurcated,Indianapolis,Indiana
419,Colline,discrete,Billings,Montana
420,Fraze,knowledge base,London,Kentucky
421,Nertie,focus group,Norfolk,Virginia
422,Wallis,standardization,Bakersfield,California
423,Keven,optimal,El Paso,Texas
424,Archibald,Sharable,Brooklyn,New York
425,Bob,systematic,Nashville,Tennessee
426,Shamus,Vision-oriented,Waltham,Massachusetts
427,Theressa,firmware,Ashburn,Virginia
428,Yanaton,workforce,Bronx,New York
429,Burnard,structure,Tuscaloosa,Alabama
430,Loralie,knowledge base,Dallas,Texas
431,Orran,interactive,Miami,Florida
432,Revkah,Business-focused,Los Angeles,California
433,Kania,modular,Macon,Georgia
434,Ettore,Graphic Interface,Milwaukee,Wisconsin
435,Ilyssa,national,Greensboro,North Carolina
436,Conn,logistical,Billings,Montana
437,Nancy,installation,Arlington,Texas
438,Leif,composite,Los Angeles,California
439,Corilla,zero defect,Pasadena,California
440,Regen,explicit,Charlotte,North Carolina
441,Hector,Visionary,Newark,New Jersey
442,Stephenie,eco-centric,Tampa,Florida
443,Wash,toolset,Seattle,Washington
444,Darci,optimizing,Memphis,Tennessee
445,Bertie,zero tolerance,Long Beach,California
446,Dane,internet solution,Jersey City,New Jersey
447,Ebeneser,instruction set,New York City,New York
448,Pancho,adapter,Washington,District of Columbia
449,Ursulina,Multi-tiered,Cleveland,Ohio
450,Parker,Organic,Sacramento,California
451,Lynne,Secured,Battle Creek,Michigan
452,Larry,ability,Irvine,California
453,Pearl,migration,Brooklyn,New York
454,Christoper,Business-focused,Stockton,California
455,Claiborn,protocol,Wichita Falls,Texas
456,Millisent,bifurcated,Dallas,Texas
457,Francis,systemic,Decatur,Illinois
458,Rozamond,moderator,Toledo,Ohio
459,Sharona,coherent,Saint Paul,Minnesota
460,Aylmar,hybrid,Salt Lake City,Utah
461,Andrei,Secured,Aurora,Colorado
462,Delbert,middleware,Fort Myers,Florida
463,Marve,concept,Huntsville,Alabama
464,Scarlett,alliance,Aiken,South Carolina
465,Ashil,collaboration,San Diego,California
466,Dominga,static,Palo Alto,California
467,Vernor,alliance,Utica,New York
468,Meggi,strategy,Birmingham,Alabama
469,Tannie,holistic,Cape Coral,Florida
470,Gonzales,service-desk,Wilmington,Delaware
471,Clemmie,context-sensitive,Wilmington,Delaware
472,Nestor,Compatible,Riverside,California
473,Minetta,uniform,Birmingham,Alabama
474,Osmond,concept,Cleveland,Ohio
475,Gifford,array,Jersey City,New Jersey
476,Ellynn,core,Conroe,Texas
477,Kerry,projection,Littleton,Colorado
478,Sergio,needs-based,Arvada,Colorado
479,Bailey,process improvement,Birmingham,Alabama
480,Sybila,concept,Sacramento,California
481,Saraann,fresh-thinking,Fort Smith,Arkansas
482,Gamaliel,circuit,Rockville,Maryland
483,Shandie,human-resource,Corpus Christi,Texas
484,Herminia,optimizing,South Bend,Indiana
485,Marabel,project,San Diego,California
486,Dorthea,Compatible,Rockville,Maryland
487,Walliw,Innovative,Philadelphia,Pennsylvania
488,Emmye,time-frame,Las Vegas,Nevada
489,Robbi,mobile,Bakersfield,California
490,Aldridge,architecture,Miami,Florida
491,Jacquie,non-volatile,Garden Grove,California
492,Suki,Re-contextualized,Birmingham,Alabama
493,Ward,methodical,Phoenix,Arizona
494,Ajay,asynchronous,Cincinnati,Ohio
495,Daniela,radical,Kansas City,Missouri
496,Brendis,Profound,Philadelphia,Pennsylvania
497,Jayme,multi-state,Shreveport,Louisiana
498,Washington,content-based,Pittsburgh,Pennsylvania
499,Vincents,leading edge,Springfield,Massachusetts
500,Carlita,De-engineered,Hyattsville,Maryland
501,Evelina,local area network,Whittier,California
502,Jamie,analyzer,Sarasota,Florida
503,Ashton,Balanced,Meridian,Mississippi
504,Gwendolyn,reciprocal,Colorado Springs,Colorado
505,Ronnica,Multi-tiered,Naples,Florida
506,Sanders,Managed,Rockford,Illinois
507,Sunshine,Automated,Amarillo,Texas
508,Mark,Intuitive,Melbourne,Florida
509,Breena,forecast,Washington,District of Columbia
510,Cthrine,Optimized,Portland,Maine
511,Farr,Adaptive,Sarasota,Florida
512,Dido,secured line,White Plains,New York
513,Phillip,Innovative,Reno,Nevada
514,Aloisia,demand-driven,Pasadena,California
515,Carlene,budgetary management,Kansas City,Missouri
516,Hermine,Operative,Boynton Beach,Florida
517,Collin,scalable,Fresno,California
518,Corella,budgetary management,Austin,Texas
519,Jarred,next generation,Chicago,Illinois
520,Morty,national,Boston,Massachusetts
521,Sorcha,Right-sized,El Paso,Texas
522,Lucy,alliance,Pittsburgh,Pennsylvania
523,Luci,strategy,Paterson,New Jersey
524,Arch,implementation,Charleston,South Carolina
525,Xenos,info-mediaries,Portland,Oregon
526,Grayce,extranet,Saint Louis,Missouri
527,Edie,Cross-group,Springfield,Illinois
528,Aggy,Customizable,Fort Lauderdale,Florida
529,Frieda,Multi-tiered,Lexington,Kentucky
530,Cirstoforo,success,Chattanooga,Tennessee
531,Marilee,Proactive,Troy,Michigan
532,Kenn,zero defect,Saint Paul,Minnesota
533,Coreen,conglomeration,Fort Wayne,Indiana
534,Buddy,frame,Los Angeles,California
535,Perrine,help-desk,Tulsa,Oklahoma
536,Kalvin,Multi-channelled,Rockford,Illinois
537,Malvin,Profound,Omaha,Nebraska
538,Serene,Profit-focused,North Las Vegas,Nevada
539,Sherwynd,solution-oriented,Seattle,Washington
540,Lazare,high-level,Boston,Massachusetts
541,Chelsey,complexity,Houston,Texas
542,Jayne,local area network,Sandy,Utah
543,Cheston,matrix,Monticello,Minnesota
544,Helen,Self-enabling,New Hyde Park,New York
545,Felisha,orchestration,Peoria,Illinois
546,Findley,transitional,Jackson,Mississippi
547,Osborne,value-added,Charlotte,North Carolina
548,Luke,5th generation,Peoria,Illinois
549,Sibel,Fully-configurable,Washington,District of Columbia
550,Leese,Exclusive,Boise,Idaho
551,Milt,open system,Brockton,Massachusetts
552,Susann,groupware,Buffalo,New York
553,Calv,extranet,Los Angeles,California
554,Ingaberg,Open-architected,Baton Rouge,Louisiana
555,Lydia,Quality-focused,San Antonio,Texas
556,Hashim,Public-key,Evansville,Indiana
557,Allx,complexity,Saginaw,Michigan
558,Catie,database,Van Nuys,California
559,Heath,6th generation,Las Vegas,Nevada
560,Far,Synergistic,Miami,Florida
561,Lura,Grass-roots,Albuquerque,New Mexico
562,Janine,Compatible,Marietta,Georgia
563,Nathanil,Ergonomic,Mobile,Alabama
564,Hazel,Phased,San Antonio,Texas
565,Lilia,Re-contextualized,Jefferson City,Missouri
566,Teodor,value-added,Kansas City,Missouri
567,Matthias,strategy,San Bernardino,California
568,Sterne,Horizontal,Tuscaloosa,Alabama
569,Hilarius,portal,Boynton Beach,Florida
570,Joyous,solution,Mobile,Alabama
571,Clem,User-friendly,Las Vegas,Nevada
572,Carolan,structure,Los Angeles,California
573,Cyndia,user-facing,Cincinnati,Ohio
574,Lorant,intermediate,Sioux City,Iowa
575,Halimeda,Grass-roots,Toledo,Ohio
576,Gareth,Adaptive,Marietta,Georgia
577,Kylila,Upgradable,Columbia,South Carolina
578,Edeline,Monitored,Arlington,Virginia
579,Lester,bandwidth-monitored,Boston,Massachusetts
580,Alissa,paradigm,Jersey City,New Jersey
581,Tamra,radical,Little Rock,Arkansas
582,Alis,Automated,Seattle,Washington
583,Mackenzie,workforce,Peoria,Arizona
584,Carce,Automated,Naples,Florida
585,Cletis,Organic,Ventura,California
586,Hazel,Universal,Washington,District of Columbia
587,Ronny,initiative,Irving,Texas
588,Flore,3rd generation,Winston Salem,North Carolina
589,Floyd,Decentralized,Edmond,Oklahoma
590,Breanne,matrices,Detroit,Michigan
591,Guglielmo,help-desk,Pittsburgh,Pennsylvania
592,Yetta,alliance,Berkeley,California
593,Marni,secondary,Washington,District of Columbia
594,Adelice,array,Youngstown,Ohio
595,Nonah,tertiary,Oklahoma City,Oklahoma
596,Dom,encompassing,Henderson,Nevada
597,Humfrid,Face to face,Richmond,Virginia
598,Krista,dynamic,Tallahassee,Florida
599,Hodge,Stand-alone,Fresno,California
600,Mylo,leverage,Wichita,Kansas
601,Modesty,Upgradable,Washington,District of Columbia
602,Peadar,24/7,Detroit,Michigan
603,Bettye,hierarchy,Tacoma,Washington
604,Greer,database,Washington,District of Columbia
605,Christian,needs-based,Los Angeles,California
606,Iorgo,Vision-oriented,Duluth,Minnesota
607,Aggy,Horizontal,Atlanta,Georgia
608,Page,3rd generation,Fort Collins,Colorado
609,Giorgio,Function-based,Chicago,Illinois
610,Leelah,value-added,Seattle,Washington
611,Tom,bifurcated,Washington,District of Columbia
612,Carter,reciprocal,Schenectady,New York
613,Della,Synergized,Orange,California
614,Dalt,open system,Tulsa,Oklahoma
615,Tiebold,discrete,Nashville,Tennessee
616,Jeanette,Up-sized,San Diego,California
617,Rakel,installation,Wichita,Kansas
618,Sharl,Organized,Roanoke,Virginia
619,Dotty,Business-focused,Saint Paul,Minnesota
620,Tatiania,customer loyalty,New York City,New York
621,Huntington,projection,Huntington,West Virginia
622,Rollie,alliance,San Francisco,California
623,Hedi,Cross-platform,Raleigh,North Carolina
624,Moyna,core,Pittsburgh,Pennsylvania
625,Merrie,orchestration,Winston Salem,North Carolina
626,Remington,methodical,Fresno,California
627,Abdul,Implemented,Spartanburg,South Carolina
628,Annadiana,Sharable,Macon,Georgia
629,Sharia,model,Indianapolis,Indiana
630,Starla,circuit,Huntsville,Alabama
631,Janna,Reduced,Columbus,Mississippi
632,Ellery,Team-oriented,San Jose,California
633,Dannel,tertiary,Corpus Christi,Texas
634,Lily,ability,Tampa,Florida
635,Jocelyn,complexity,Tucson,Arizona
636,Johannah,Decentralized,Pittsburgh,Pennsylvania
637,Benedick,Expanded,San Luis Obispo,California
638,Arnaldo,service-desk,Syracuse,New York
639,Ogdan,challenge,Charlotte,North Carolina
640,Shalne,executive,Dallas,Texas
641,Conni,productivity,Lansing,Michigan
642,Merrill,asynchronous,Washington,District of Columbia
643,Corly,optimizing,Tyler,Texas
644,Rancell,knowledge user,Tampa,Florida
645,Barrie,Digitized,Evansville,Indiana
646,Broderick,scalable,Louisville,Kentucky
647,Bevan,transitional,Washington,District of Columbia
648,Elvina,bi-directional,Anchorage,Alaska
649,Redd,Graphical User Interface,El Paso,Texas
650,Misha,database,Washington,District of Columbia
651,Tucker,Cross-group,Trenton,New Jersey
652,Giles,systematic,Midland,Texas
653,Ryley,system-worthy,Indianapolis,Indiana
654,Bobbette,Proactive,Honolulu,Hawaii
655,Kelwin,responsive,Montgomery,Alabama
656,Philip,solution,Buffalo,New York
657,Mattie,multimedia,Bowie,Maryland
658,Dolores,system engine,Houston,Texas
659,Freedman,Proactive,Charlotte,North Carolina
660,Erl,web-enabled,Anderson,Indiana
661,Bank,User-friendly,Pittsburgh,Pennsylvania
662,Gertie,client-driven,Washington,District of Columbia
663,Silvio,encryption,Gainesville,Georgia
664,Padgett,Multi-layered,Houston,Texas
665,Retha,content-based,Washington,District of Columbia
666,Rickie,Proactive,Philadelphia,Pennsylvania
667,Brigitta,3rd generation,Washington,District of Columbia
668,Ancell,encryption,Sacramento,California
669,Bobbe,asynchronous,El Paso,Texas
670,Merrill,success,Bloomington,Indiana
671,Chase,well-modulated,Cambridge,Massachusetts
672,Diane,dedicated,Roanoke,Virginia
673,Aurore,Automated,Stockton,California
674,Callida,Optional,Jackson,Mississippi
675,Sherrie,paradigm,Dallas,Texas
676,Lyndell,time-frame,Hartford,Connecticut
677,Carr,installation,Hartford,Connecticut
678,Ondrea,empowering,Fresno,California
679,Gillian,Object-based,Sacramento,California
680,Kamillah,Enterprise-wide,Yonkers,New York
681,Ericha,intranet,Pittsburgh,Pennsylvania
682,Kimmi,framework,Santa Monica,California
683,Jackie,context-sensitive,Fort Lauderdale,Florida
684,Gillian,methodical,Cincinnati,Ohio
685,Julita,Sharable,Rockville,Maryland
686,Esme,projection,Gainesville,Georgia
687,Tamera,systemic,Sacramento,California
688,Elka,initiative,Columbus,Ohio
689,Melicent,user-facing,Atlanta,Georgia
690,Jeannie,Multi-channelled,Seattle,Washington
691,Kiley,Devolved,Birmingham,Alabama
692,Theda,function,El Paso,Texas
693,Robbie,artificial intelligence,Seattle,Washington
694,Bernard,3rd generation,Charleston,West Virginia
695,Bobbie,full-range,Fresno,California
696,Steve,even-keeled,Cedar Rapids,Iowa
697,Vanda,Automated,Minneapolis,Minnesota
698,Reinwald,internet solution,Iowa City,Iowa
699,Hugues,interactive,Springfield,Massachusetts
700,Marcela,Multi-tiered,Gainesville,Georgia
701,Cesar,array,Little Rock,Arkansas
702,Odelinda,Mandatory,Columbus,Ohio
703,Gertrud,neural-net,San Jose,California
704,Sharline,Organic,Toledo,Ohio
705,Lindsey,Optional,Albuquerque,New Mexico
706,Abbie,tangible,Colorado Springs,Colorado
707,Morgen,Operative,Raleigh,North Carolina
708,Benita,optimizing,Albuquerque,New Mexico
709,Zane,value-added,Cheyenne,Wyoming
710,Sandye,alliance,Canton,Ohio
711,Gwendolyn,infrastructure,Waco,Texas
712,Adelle,transitional,Youngstown,Ohio
713,Alikee,bandwidth-monitored,Charlotte,North Carolina
714,Agatha,database,San Diego,California
715,Ingamar,Triple-buffered,Erie,Pennsylvania
716,Rainer,Profit-focused,Knoxville,Tennessee
717,Barnie,actuating,Springfield,Missouri
718,Daphna,extranet,Baton Rouge,Louisiana
719,Dael,encompassing,Los Angeles,California
720,Dulcie,access,Phoenix,Arizona
721,Zane,modular,Aurora,Illinois
722,Ashlie,service-desk,Santa Fe,New Mexico
723,Feodora,architecture,Washington,District of Columbia
724,Bryn,Grass-roots,Baltimore,Maryland
725,Sutherland,definition,Flint,Michigan
726,Janina,Cross-platform,Washington,District of Columbia
727,Robinetta,well-modulated,Rockford,Illinois
728,Burke,next generation,Oklahoma City,Oklahoma
729,Georg,logistical,Knoxville,Tennessee
730,Javier,Total,Topeka,Kansas
731,Genna,flexibility,Shreveport,Louisiana
732,Janessa,Implemented,Houston,Texas
733,Annice,hierarchy,Boston,Massachusetts
734,Morgan,software,Alexandria,Virginia
735,Artair,Public-key,Lexington,Kentucky
736,Daniele,foreground,Phoenix,Arizona
737,Woodie,monitoring,Springfield,Illinois
738,Urbanus,incremental,Washington,District of Columbia
739,Kristina,policy,Detroit,Michigan
740,Elga,initiative,Sioux Falls,South Dakota
741,Ezmeralda,heuristic,College Station,Texas
742,Phip,clear-thinking,Whittier,California
743,Arch,utilisation,Grand Rapids,Michigan
744,Corbet,even-keeled,Cincinnati,Ohio
745,Bruno,orchestration,Atlanta,Georgia
746,Charlena,global,Dallas,Texas
747,Patsy,Multi-tiered,Saint Petersburg,Florida
748,Tabby,User-friendly,Seattle,Washington
749,Beret,Optional,Virginia Beach,Virginia
750,Malena,real-time,El Paso,Texas
751,Amelia,core,Iowa City,Iowa
752,Rollins,well-modulated,West Palm Beach,Florida
753,Analise,array,Mesa,Arizona
754,Freeman,Re-contextualized,Boise,Idaho
755,Leontine,contingency,Oklahoma City,Oklahoma
756,Lennie,global,Montgomery,Alabama
757,Kathleen,6th generation,Chicago,Illinois
758,Gearalt,infrastructure,Springfield,Illinois
759,Zondra,Up-sized,Brooksville,Florida
760,Catherine,methodology,Duluth,Georgia
761,Gizela,heuristic,Atlanta,Georgia
762,Lev,encompassing,Tampa,Florida
763,Melosa,Reduced,Louisville,Kentucky
764,Yehudit,local area network,Houston,Texas
765,Bibi,budgetary management,Fredericksburg,Virginia
766,Kristian,encompassing,Macon,Georgia
767,Barnabas,bi-directional,Richmond,Virginia
768,Dwight,superstructure,Palo Alto,California
769,Wenonah,systematic,Milwaukee,Wisconsin
770,Liam,tangible,Birmingham,Alabama
771,Emmalyn,framework,Sacramento,California
772,Marshall,software,Boston,Massachusetts
773,Clio,hybrid,Jacksonville,Florida
774,Chastity,Future-proofed,Jackson,Mississippi
775,Berne,system engine,Fort Myers,Florida
776,Alexander,directional,Huntington,West Virginia
777,Regina,Secured,Camden,New Jersey
778,Yule,model,Lexington,Kentucky
779,Noella,focus group,Akron,Ohio
780,Joanne,Balanced,Pocatello,Idaho
781,Ossie,asymmetric,Silver Spring,Maryland
782,Rosabella,Cross-group,Fort Worth,Texas
783,Concettina,functionalities,Denver,Colorado
784,Doralynn,optimizing,Brea,California
785,Viviyan,reciprocal,Arlington,Virginia
786,Rachael,middleware,Saint Cloud,Minnesota
787,Fina,definition,Philadelphia,Pennsylvania
788,Aleen,directional,Grand Forks,North Dakota
789,Dania,capacity,Lubbock,Texas
790,Janeta,Sharable,Wichita,Kansas
791,Carroll,analyzer,Houston,Texas
792,Creighton,Customer-focused,Frederick,Maryland
793,Vanessa,asymmetric,Erie,Pennsylvania
794,Monti,asymmetric,Fredericksburg,Virginia
795,Abigale,global,Edmond,Oklahoma
796,Adey,Centralized,Sarasota,Florida
797,Dalila,client-driven,Cleveland,Ohio
798,Laina,Stand-alone,San Francisco,California
799,Gris,fault-tolerant,Omaha,Nebraska
800,Bar,maximized,New York City,New York
801,Lennie,Progressive,Louisville,Kentucky
802,Stevena,tangible,Dallas,Texas
803,Padraig,Multi-lateral,Oxnard,California
804,Miltie,multi-state,Washington,District of Columbia
805,Steve,asymmetric,Boise,Idaho
806,Regen,Adaptive,New York City,New York
807,Maddy,Re-engineered,Norfolk,Virginia
808,Morgun,benchmark,Albany,New York
809,Abbi,optimizing,Jacksonville,Florida
810,Prissie,Universal,Young America,Minnesota
811,Margot,methodical,Pasadena,California
812,Dorine,executive,Macon,Georgia
813,Marley,Face to face,Brockton,Massachusetts
814,Kahaleel,bandwidth-monitored,Tucson,Arizona
815,Lon,Enterprise-wide,Springfield,Illinois
816,Davie,Operative,Jacksonville,Florida
817,Elane,definition,Oakland,California
818,Nanice,Universal,Bakersfield,California
819,Nye,Programmable,Independence,Missouri
820,Clywd,Mandatory,West Palm Beach,Florida
821,Bobbie,knowledge base,Sacramento,California
822,Noni,groupware,El Paso,Texas
823,Stuart,knowledge base,Orlando,Florida
824,Virgilio,Re-contextualized,Lubbock,Texas
825,Alexandre,Implemented,Houston,Texas
826,Dory,solution-oriented,Washington,District of Columbia
827,Elwin,Self-enabling,Laredo,Texas
828,Kim,Object-based,Rochester,New York
829,Heath,Cross-group,Great Neck,New York
830,Jdavie,logistical,Akron,Ohio
831,Smith,local area network,Biloxi,Mississippi
832,Andromache,Open-source,Silver Spring,Maryland
833,Teena,superstructure,Charlotte,North Carolina
834,Torrence,Organic,Peoria,Arizona
835,Rafaello,framework,Oxnard,California
836,Gardie,directional,Kansas City,Kansas
837,Maura,mission-critical,New York City,New York
838,Chelsea,definition,Honolulu,Hawaii
839,Walker,tangible,Montgomery,Alabama
840,Peggi,flexibility,New York City,New York
841,Ozzy,tertiary,Houston,Texas
842,Stanford,benchmark,Henderson,Nevada
843,Blinnie,Profit-focused,Inglewood,California
844,Read,tangible,Reno,Nevada
845,Alicia,bottom-line,Houston,Texas
846,Laurie,context-sensitive,North Little Rock,Arkansas
847,Fonz,background,Boulder,Colorado
848,Godart,interface,Temple,Texas
849,Ardenia,Reactive,Greensboro,North Carolina
850,Ber,help-desk,Bronx,New York
851,Mirelle,algorithm,Saint Paul,Minnesota
852,Hirsch,grid-enabled,Reston,Virginia
853,Isaac,grid-enabled,Denver,Colorado
854,Cornelle,well-modulated,Brooklyn,New York
855,Douglass,solution,Johnstown,Pennsylvania
856,Dede,Team-oriented,Washington,District of Columbia
857,Charley,architecture,New York City,New York
858,Shandra,zero defect,Racine,Wisconsin
859,Sancho,asynchronous,Baltimore,Maryland
860,Timmy,Seamless,Bowie,Maryland
861,Nealon,throughput,Memphis,Tennessee
862,Dew,Focused,New York City,New York
863,Lorry,Customizable,Sacramento,California
864,Charlotta,moderator,El Paso,Texas
865,Marcellina,extranet,Austin,Texas
866,Cassaundra,Quality-focused,Saint Augustine,Florida
867,Chlo,strategy,Allentown,Pennsylvania
868,Nolan,Triple-buffered,Miami,Florida
869,Carmela,Synergized,Omaha,Nebraska
870,Charil,tangible,Lancaster,Pennsylvania
871,Lyssa,5th generation,Saint Louis,Missouri
872,Stefan,Streamlined,Salt Lake City,Utah
873,Suzette,complexity,Kent,Washington
874,Lou,interface,Fayetteville,North Carolina
875,Darcy,client-server,Washington,District of Columbia
876,Erwin,mobile,Saginaw,Michigan
877,Tailor,bifurcated,Dallas,Texas
878,Mandi,asynchronous,Bakersfield,California
879,Merrili,heuristic,Springfield,Virginia
880,Mickie,Self-enabling,Colorado Springs,Colorado
881,Kendrick,pricing structure,Raleigh,North Carolina
882,Candi,Integrated,Lafayette,Louisiana
883,Alvy,Decentralized,Hialeah,Florida
884,Olga,actuating,Norwalk,Connecticut
885,Inglebert,Open-source,Warren,Michigan
886,Emalee,Inverse,Saint Cloud,Minnesota
887,Abraham,challenge,Wilmington,North Carolina
888,Gaby,Integrated,Arlington,Texas
889,Mollie,knowledge user,Albany,New York
890,Alene,encoding,Ogden,Utah
891,Natala,multi-tasking,Fresno,California
892,Honor,Advanced,Wilmington,Delaware
893,Nicolai,even-keeled,Shreveport,Louisiana
894,Mariana,system engine,Springfield,Illinois
895,Shane,Balanced,Jamaica,New York
896,Nefen,Fully-configurable,Brooklyn,New York
897,Alejandrina,internet solution,Los Angeles,California
898,Charles,upward-trending,Rochester,Minnesota
899,Leonardo,Synergized,Modesto,California
900,Eugenie,framework,Chattanooga,Tennessee
901,Adam,Business-focused,San Francisco,California
902,Ulrica,help-desk,Tallahassee,Florida
903,Francisco,budgetary management,Saint Augustine,Florida
904,Diandra,Realigned,Shreveport,Louisiana
905,Scarlett,Right-sized,Des Moines,Iowa
906,Alison,global,Sarasota,Florida
907,Modesty,bandwidth-monitored,Saint Petersburg,Florida
908,Lenka,24 hour,Las Vegas,Nevada
909,Wheeler,Synchronised,Chicago,Illinois
910,Benita,Right-sized,Wichita,Kansas
911,Yurik,conglomeration,Des Moines,Iowa
912,Delmor,discrete,Fort Worth,Texas
913,Karlee,Public-key,Bronx,New York
914,Connie,matrices,Concord,California
915,James,tertiary,Lexington,Kentucky
916,Ivan,middleware,Burbank,California
917,Garrek,analyzer,Louisville,Kentucky
918,Alwin,zero tolerance,Tacoma,Washington
919,Tasha,Sharable,Tulsa,Oklahoma
920,Skelly,flexibility,Miami,Florida
921,Sheryl,asynchronous,Irvine,California
922,Vasily,info-mediaries,Port Charlotte,Florida
923,Avram,24/7,Virginia Beach,Virginia
924,Vernor,Monitored,Bismarck,North Dakota
925,Adolphus,software,Montgomery,Alabama
926,Jerrie,Configurable,Anchorage,Alaska
927,Marna,disintermediate,Lynchburg,Virginia
928,Kyla,uniform,Omaha,Nebraska
929,Towny,moratorium,Las Cruces,New Mexico
930,Gay,Distributed,Tucson,Arizona
931,Sloan,incremental,New York City,New York
932,Dwain,moratorium,Spring,Texas
933,Stephanie,logistical,Lincoln,Nebraska
934,Burke,hierarchy,Escondido,California
935,Flori,Sharable,Chicago,Illinois
936,Stefan,frame,Fairbanks,Alaska
937,Rob,data-warehouse,Houston,Texas
938,Welbie,Persistent,Birmingham,Alabama
939,Charo,utilisation,Jamaica,New York
940,Celene,Triple-buffered,Temple,Texas
941,Hugues,analyzing,Oklahoma City,Oklahoma
942,Knox,zero tolerance,El Paso,Texas
943,Tomi,full-range,Lubbock,Texas
944,Zuzana,success,Anchorage,Alaska
945,Katy,hybrid,Sacramento,California
946,Steffen,Total,Lakewood,Washington
947,Elsa,foreground,Detroit,Michigan
948,Christine,executive,Austin,Texas
949,Nathanial,initiative,Lafayette,Louisiana
950,Jermain,Triple-buffered,Roanoke,Virginia
951,Roman,Quality-focused,Provo,Utah
952,Lockwood,Decentralized,Roanoke,Virginia
953,Gennifer,Diverse,Rochester,New York
954,Marion,Innovative,Phoenix,Arizona
955,Renae,open architecture,Norwalk,Connecticut
956,Conant,system engine,Peoria,Illinois
957,Alic,scalable,Houston,Texas
958,Nichole,zero tolerance,Salt Lake City,Utah
959,Patrica,architecture,Herndon,Virginia
960,Sibley,task-force,Savannah,Georgia
961,Alanna,analyzer,Sarasota,Florida
962,Jessie,Ergonomic,Evansville,Indiana
963,Elvira,strategy,San Antonio,Texas
964,Flory,Sharable,Aurora,Colorado
965,Heidi,throughput,Richmond,Virginia
966,Emalia,reciprocal,Lawrenceville,Georgia
967,Janette,alliance,Billings,Montana
968,Jacklyn,Re-contextualized,Gainesville,Florida
969,Beatriz,Reverse-engineered,Naples,Florida
970,Farand,artificial intelligence,Washington,District of Columbia
971,Carolee,function,Minneapolis,Minnesota
972,Betty,open system,Washington,District of Columbia
973,Vale,foreground,Jackson,Mississippi
974,Melisande,systemic,San Diego,California
975,Michaeline,Universal,Provo,Utah
976,Britte,complexity,Chico,California
977,Randie,system-worthy,Springfield,Illinois
978,Julie,Open-architected,Long Beach,California
979,Marion,Adaptive,Los Angeles,California
980,Wallie,motivating,Minneapolis,Minnesota
981,Bambi,Upgradable,Trenton,New Jersey
982,Agna,Open-architected,Wilkes Barre,Pennsylvania
983,Elfrieda,Balanced,Young America,Minnesota
984,Lilah,6th generation,Fresno,California
985,Leena,disintermediate,Fresno,California
986,Valry,composite,Jersey City,New Jersey
987,Meaghan,algorithm,Reno,Nevada
988,Gisella,methodology,Philadelphia,Pennsylvania
989,Elberta,superstructure,Tulsa,Oklahoma
990,Gerhard,Multi-lateral,Dallas,Texas
991,Laney,Assimilated,Tampa,Florida
992,Samuel,Distributed,Albuquerque,New Mexico
993,Gris,system engine,Seattle,Washington
994,Juliane,open architecture,New Haven,Connecticut
995,Curt,implementation,Port Saint Lucie,Florida
996,Kathy,clear-thinking,Hartford,Connecticut
997,Finley,challenge,Woburn,Massachusetts
998,Garik,fault-tolerant,Charlottesville,Virginia
999,Carley,transitional,Louisville,Kentucky
1000,Domini,Mandatory,Denver,Colorado